age,steps_per_day,exercise_hours,water_liters,fitness_score
63.0,6148.0,3.7,3.5,35.4
36.0,7051.0,14.1,1.6,55.9
57.0,8939.0,12.3,1.0,44.1
61.0,14898.0,1.6,1.8,55.7
61.0,9802.0,0.0,0.8,24.9
21.0,14774.0,6.6,2.0,49.6
41.0,10912.0,10.6,2.8,53.1
37.0,8588.0,11.1,3.5,56.1
50.0,13052.0,6.3,2.9,53.3
28.0,17301.0,0.9,2.0,56.7
46.0,6407.0,3.4,4.8,41.9
26.0,1282.0,11.6,2.9,35.3
27.0,7381.0,12.4,2.0,55.2
21.0,12912.0,6.3,1.6,42.5
44.0,14420.0,8.5,1.4,54.5
23.0,3350.0,10.0,0.8,25.3
61.0,19476.0,4.9,1.6,60.4
63.0,7360.0,13.0,4.6,62.1
37.0,4362.0,1.2,3.7,18.5
47.0,3012.0,7.4,1.2,22.8
59.0,2546.0,8.4,1.3,25.4
35.0,18026.0,14.8,0.9,75.7
32.0,5455.0,11.0,4.5,52.9
52.0,10940.0,5.3,2.1,42.4
32.0,3198.0,5.9,,32.8
37.0,5760.0,12.6,2.5,49.6
43.0,16922.0,6.3,3.3,67.4
26.0,6100.0,13.6,1.3,35.5
49.0,8080.0,0.9,1.3,25.0
59.0,14422.0,4.7,1.0,50.6
51.0,4356.0,2.5,3.2,26.0
48.0,10566.0,3.7,1.9,41.9
48.0,1223.0,11.8,1.0,28.5
42.0,4090.0,9.0,3.1,40.9
20.0,16062.0,10.0,3.4,65.6
55.0,16016.0,13.5,2.8,69.4
34.0,17554.0,3.4,2.6,64.5
45.0,7695.0,9.9,1.2,41.8
24.0,13178.0,3.5,4.7,49.8
45.0,11311.0,5.3,4.3,52.6
53.0,18170.0,13.2,3.2,81.9
40.0,11049.0,1.2,1.1,30.3
30.0,11554.0,2.1,2.2,35.3
62.0,13520.0,6.7,3.1,59.5
28.0,14716.0,14.3,1.1,70.7
28.0,5009.0,8.7,3.9,40.9
61.0,7590.0,1.8,3.0,27.0
51.0,6450.0,4.1,0.9,32.6
36.0,4855.0,13.6,3.0,53.0
64.0,2165.0,8.9,3.2,28.9
19.0,17051.0,7.9,1.5,64.2
29.0,13270.0,0.0,3.7,55.6
64.0,16966.0,7.0,3.5,72.7
41.0,7452.0,6.1,1.1,42.0
24.0,16586.0,3.6,2.9,58.4
49.0,1054.0,13.3,3.7,35.8
29.0,3738.0,11.3,2.7,44.6
64.0,11297.0,14.5,2.8,57.4
59.0,10707.0,6.7,3.4,51.1
38.0,14411.0,15.0,3.2,79.4
46.0,5383.0,9.2,1.7,33.4
33.0,11052.0,3.6,3.3,46.8
40.0,1001.0,12.4,2.7,26.9
21.0,8284.0,2.5,1.9,32.9
18.0,5794.0,9.2,4.2,40.5
31.0,4002.0,12.1,4.0,43.2
37.0,8358.0,12.3,2.0,55.8
23.0,18269.0,4.8,4.9,68.5
41.0,17741.0,1.0,4.3,57.7
53.0,2390.0,7.0,,26.7
59.0,9497.0,6.9,3.3,53.4
28.0,5311.0,6.4,4.0,39.2
40.0,2059.0,11.9,4.5,50.7
48.0,8950.0,11.8,4.2,52.2
30.0,5046.0,6.7,,36.5
24.0,16747.0,2.4,2.4,56.7
35.0,11939.0,10.9,0.9,53.9
45.0,4086.0,2.3,4.9,24.0
56.0,10260.0,4.4,3.8,42.8
45.0,11102.0,8.0,3.8,62.5
31.0,13993.0,13.1,4.9,75.1
57.0,5793.0,0.5,4.1,24.1
42.0,12977.0,8.3,1.6,59.7
49.0,11381.0,0.3,1.4,37.0
59.0,,4.3,4.3,59.1
64.0,1339.0,9.2,4.3,27.7
63.0,7675.0,14.4,2.7,57.2
60.0,1243.0,7.1,0.7,22.8
58.0,12042.0,,0.7,64.7
32.0,16565.0,9.4,4.7,69.6
54.0,17777.0,13.2,3.0,80.7
32.0,13170.0,9.5,3.9,58.3
37.0,1756.0,2.4,1.0,10.8
26.0,6882.0,4.8,1.6,26.6
38.0,3588.0,8.7,1.0,19.1
38.0,5826.0,10.9,4.2,40.9
20.0,19453.0,7.9,2.4,73.1
49.0,10420.0,9.5,2.9,51.6
45.0,13214.0,8.5,0.8,56.2
23.0,6945.0,5.7,0.7,32.9
33.0,8760.0,1.9,1.7,30.4
32.0,10083.0,14.3,3.9,66.1
55.0,8584.0,,2.3,44.0
18.0,15860.0,6.7,0.7,48.2
36.0,16118.0,7.3,0.5,70.8
18.0,3880.0,8.6,2.6,28.1
26.0,7365.0,7.4,,38.6
54.0,18522.0,4.0,1.8,53.4
48.0,18032.0,4.3,4.2,74.1
20.0,1919.0,12.6,1.9,31.0
56.0,10134.0,6.1,3.7,50.5
62.0,19669.0,10.1,2.4,71.0
38.0,1958.0,4.7,4.5,25.2
48.0,4517.0,14.1,1.6,43.6
18.0,6225.0,12.1,4.0,50.9
22.0,13577.0,13.2,4.5,70.7
35.0,18916.0,8.6,1.9,62.2
28.0,19993.0,12.2,1.0,74.9
32.0,15201.0,11.2,1.1,67.5
29.0,19411.0,0.3,0.8,48.5
30.0,15828.0,8.2,2.8,63.2
50.0,2033.0,12.0,,40.1
24.0,15818.0,13.3,3.0,76.3
29.0,16270.0,11.0,4.3,76.5
54.0,5911.0,12.7,3.1,48.6
41.0,18979.0,6.5,3.4,77.6
62.0,19491.0,7.0,0.7,67.3
42.0,8927.0,2.5,1.2,36.3
57.0,6487.0,1.8,1.5,23.7
34.0,2999.0,0.1,1.2,16.9
44.0,12062.0,4.2,2.9,47.8
46.0,10280.0,13.8,3.3,56.2
57.0,7923.0,5.0,4.7,51.7
56.0,17050.0,12.3,0.9,75.1
61.0,19345.0,9.7,4.7,79.4
18.0,19561.0,5.4,2.4,67.9
29.0,10539.0,5.3,3.5,54.1
61.0,13709.0,9.4,4.3,68.3
34.0,3464.0,0.6,4.9,26.3
30.0,18228.0,8.3,3.5,71.2
64.0,,2.2,3.1,42.4
29.0,16239.0,-2.0,4.0,80.5
53.0,3525.0,11.7,4.5,43.7
21.0,8635.0,10.5,3.0,49.6
47.0,19034.0,4.6,2.9,62.1
55.0,19193.0,0.4,3.5,68.9
63.0,8052.0,6.4,4.0,40.7
24.0,13639.0,14.2,3.1,76.9
46.0,2755.0,0.9,1.7,20.8
63.0,3820.0,13.8,1.4,47.3
37.0,2388.0,8.6,2.9,35.7
56.0,18273.0,7.4,3.9,69.9
63.0,6276.0,4.7,2.2,25.3
33.0,3432.0,4.9,1.2,20.2
38.0,10014.0,,2.1,34.7
57.0,-100.0,8.5,4.7,46.7
44.0,8892.0,11.4,2.9,62.1
35.0,10545.0,1.8,2.7,29.6
63.0,18725.0,10.5,1.9,82.3
46.0,2183.0,1.6,2.7,15.1
35.0,12895.0,13.1,2.7,61.5
29.0,16820.0,8.4,1.4,59.0
53.0,2382.0,7.3,1.9,15.5
57.0,18990.0,2.8,3.1,61.0
33.0,12968.0,12.5,1.8,67.7
41.0,14463.0,14.5,15.0,66.6
26.0,9594.0,12.6,4.0,57.9
31.0,13993.0,13.1,4.9,75.1
24.0,18175.0,7.2,3.5,68.5
38.0,2996.0,12.5,1.8,42.8
20.0,4523.0,2.7,1.1,23.6
58.0,18995.0,1.9,4.5,59.2
54.0,5911.0,12.7,3.1,48.6
20.0,-100.0,5.4,2.6,49.5
63.0,4726.0,5.4,2.2,28.6
19.0,17555.0,13.9,3.8,84.8
46.0,6682.0,-2.0,2.1,40.9
39.0,15134.0,9.6,2.9,57.4
37.0,15877.0,4.9,5.0,76.1
23.0,19070.0,1.7,4.3,65.0
27.0,5440.0,6.4,1.3,29.5
62.0,1360.0,12.0,2.3,31.1
46.0,6725.0,3.5,3.0,33.9
20.0,7226.0,5.1,2.4,39.6
20.0,14305.0,8.4,4.2,69.8
50.0,10572.0,14.0,1.4,56.3
35.0,3772.0,2.7,1.7,12.4
26.0,2332.0,4.0,3.1,28.5
28.0,6580.0,2.6,3.4,35.9
22.0,9219.0,0.9,2.0,37.4
56.0,7528.0,7.6,3.4,46.3
38.0,4511.0,11.1,15.0,51.8
40.0,16646.0,11.6,2.6,66.6
40.0,11515.0,7.3,3.3,44.2
22.0,8037.0,12.0,1.9,54.6
23.0,14410.0,4.4,2.8,49.3
41.0,11912.0,0.7,2.2,30.9
34.0,18603.0,12.6,2.0,75.1
29.0,6209.0,3.1,3.2,39.1
23.0,8125.0,11.9,4.0,52.4
50.0,8673.0,1.2,3.1,42.3
34.0,15023.0,0.2,1.0,38.7
61.0,17570.0,14.6,2.0,82.1
24.0,9016.0,4.2,1.1,31.0
37.0,5878.0,-2.0,4.6,50.2
40.0,10399.0,13.1,4.2,67.0
49.0,16734.0,10.3,3.7,76.7
48.0,18256.0,5.3,3.3,69.8
37.0,18867.0,4.2,4.5,72.9
41.0,6386.0,2.4,15.0,34.1
36.0,1479.0,1.0,3.9,18.0
36.0,9651.0,10.8,1.4,46.4
63.0,16336.0,13.8,1.5,64.5
44.0,9763.0,7.6,3.6,43.5
48.0,2361.0,3.1,2.0,25.5
58.0,16254.0,14.4,2.5,79.0
52.0,14746.0,3.9,2.1,60.9
52.0,11408.0,12.8,1.1,50.8
,16767.0,6.8,5.0,72.6
35.0,3506.0,0.1,3.4,20.5
19.0,16026.0,9.4,3.8,67.8
57.0,9761.0,13.4,3.5,61.4
44.0,5781.0,10.3,4.2,47.9
37.0,8467.0,9.6,2.8,44.4
55.0,4169.0,11.0,1.8,36.2
62.0,2980.0,11.1,2.7,34.7
26.0,15330.0,10.4,3.8,68.8
37.0,15028.0,4.2,3.9,63.4
31.0,9523.0,0.5,2.2,37.0
18.0,5606.0,3.5,2.8,41.5
31.0,6220.0,8.2,3.2,43.9
27.0,6966.0,8.4,2.1,34.3
20.0,2614.0,4.1,3.7,30.9
22.0,13129.0,11.6,3.5,63.1
54.0,19333.0,9.3,0.7,69.4
29.0,3120.0,4.3,5.0,32.8
42.0,1503.0,10.3,3.3,30.1
50.0,10197.0,4.1,0.9,34.5
41.0,5934.0,8.5,4.2,41.7
27.0,9090.0,6.2,3.5,47.1
28.0,18192.0,8.3,4.1,79.1
52.0,16744.0,6.5,1.5,57.3
42.0,15503.0,13.7,4.5,81.5
23.0,2290.0,4.8,3.2,16.6
,,7.0,4.0,43.7
29.0,19453.0,12.8,4.8,88.3
40.0,14953.0,2.2,1.4,39.8
58.0,14168.0,13.1,4.0,73.4
37.0,7860.0,0.4,4.7,32.9
50.0,1452.0,9.4,0.7,24.9
60.0,9538.0,8.1,0.9,49.1
25.0,12877.0,8.9,4.0,59.4
41.0,4488.0,6.8,2.3,32.3
43.0,4211.0,10.8,3.9,36.9
63.0,15724.0,14.5,2.6,74.7
25.0,14442.0,9.9,3.0,61.0
21.0,6243.0,9.3,2.2,42.5
58.0,14976.0,14.5,3.5,74.5
60.0,12976.0,3.1,3.3,53.1
25.0,14985.0,9.9,2.2,76.2
60.0,1008.0,9.4,4.9,31.2
49.0,17511.0,8.3,4.5,72.9
40.0,19534.0,1.7,5.0,67.7
40.0,6477.0,6.1,4.6,38.2
20.0,11646.0,9.1,0.8,50.1
47.0,7968.0,15.0,4.4,61.1
25.0,8761.0,11.0,3.9,51.8
21.0,8958.0,6.8,1.4,46.4
21.0,19659.0,3.5,2.0,60.4
46.0,6183.0,8.0,3.5,40.3
48.0,3001.0,14.8,1.9,33.9
26.0,8120.0,11.6,3.1,60.8
44.0,16087.0,5.8,5.0,60.1
52.0,1206.0,7.1,1.0,16.5
35.0,10942.0,10.2,2.2,53.4
25.0,1221.0,3.5,1.3,15.0
60.0,19906.0,2.7,3.5,65.2
20.0,12935.0,1.4,1.2,34.0
39.0,9205.0,4.5,4.1,48.2
29.0,16988.0,8.7,1.7,60.3
64.0,15796.0,11.4,3.2,70.4
53.0,3364.0,0.3,1.3,18.0
35.0,7301.0,13.3,2.3,45.9
30.0,15696.0,5.0,1.1,51.1
27.0,15515.0,2.1,3.6,52.1
52.0,5389.0,7.1,2.3,35.0
33.0,14744.0,7.4,2.5,54.8
44.0,14283.0,5.0,0.9,35.0
37.0,14753.0,4.0,2.5,51.3
32.0,11283.0,9.8,0.6,50.5
45.0,9489.0,0.2,4.8,42.6
60.0,8928.0,8.3,3.0,46.9
31.0,6985.0,7.1,2.3,30.4
61.0,2201.0,13.8,2.4,38.7
31.0,4902.0,12.3,2.3,37.3
32.0,13561.0,1.0,1.9,33.0
32.0,10205.0,0.4,1.8,22.8
43.0,4108.0,2.4,4.1,28.3
52.0,1937.0,5.0,3.5,20.9
61.0,5805.0,12.3,1.3,48.1
48.0,1017.0,9.9,1.6,19.4
49.0,13685.0,5.4,4.3,54.9
50.0,3771.0,1.6,2.8,22.3
45.0,6773.0,13.6,1.4,51.6
33.0,1591.0,8.6,3.2,33.5
49.0,17687.0,10.7,1.1,67.1
34.0,12319.0,6.4,3.0,49.6
30.0,16057.0,1.8,3.8,61.9
40.0,10354.0,8.7,2.3,45.2
18.0,14140.0,0.2,2.9,43.8
32.0,3889.0,13.5,1.9,51.0
64.0,15995.0,2.4,1.2,47.4
43.0,12986.0,5.7,3.0,52.0
27.0,4744.0,7.2,2.4,37.8
24.0,15008.0,14.6,1.8,76.2
23.0,8820.0,,1.1,31.8
35.0,15371.0,5.9,4.5,68.0
25.0,19156.0,10.4,4.6,82.7
24.0,10391.0,2.3,2.9,36.0
32.0,7066.0,7.6,4.1,41.6
23.0,14386.0,1.9,1.8,59.4
33.0,14993.0,,0.8,40.4
19.0,12390.0,12.1,2.7,61.1
60.0,9278.0,12.7,2.0,52.1
27.0,10970.0,2.3,4.7,47.2
37.0,5285.0,1.5,3.0,28.2
20.0,8125.0,6.2,4.4,54.0
32.0,17645.0,,4.7,71.9
58.0,5108.0,10.7,3.1,43.6
29.0,13697.0,9.7,2.4,60.6
47.0,4805.0,7.0,3.6,27.8
36.0,11769.0,7.4,2.1,55.7
35.0,4409.0,3.6,3.9,31.7
40.0,6385.0,11.1,0.6,41.8
20.0,17027.0,1.2,2.1,47.3
49.0,10072.0,5.0,0.8,39.8
30.0,2267.0,3.3,2.1,15.3
34.0,9576.0,12.5,2.7,60.9
18.0,14238.0,7.7,0.7,57.1
57.0,7648.0,2.9,1.7,27.4
48.0,1286.0,10.8,0.8,20.1
61.0,4310.0,1.9,3.2,22.9
32.0,11004.0,13.6,4.0,61.9
39.0,17889.0,8.2,3.2,72.4
64.0,3244.0,0.8,2.6,19.2
54.0,7926.0,13.9,2.1,51.9
46.0,17542.0,11.9,1.0,77.1
62.0,15382.0,0.3,2.1,34.2
25.0,5431.0,4.7,4.2,40.8
37.0,19407.0,10.8,3.8,75.9
27.0,11217.0,8.6,3.2,54.3
57.0,2272.0,2.8,3.3,31.1
49.0,15193.0,1.9,3.1,43.2
40.0,15138.0,1.6,2.9,50.1
29.0,8718.0,0.6,4.2,24.3
56.0,16621.0,1.7,4.4,68.7
23.0,3499.0,11.2,3.0,37.3
20.0,10246.0,-2.0,2.4,46.4
46.0,2476.0,11.0,3.5,42.9
38.0,6531.0,8.3,2.0,37.4
41.0,4745.0,7.2,1.8,42.3
33.0,2665.0,11.1,4.9,43.1
63.0,16879.0,4.6,0.7,48.0
42.0,5809.0,2.8,3.9,29.6
18.0,7249.0,7.9,4.7,42.7
62.0,17055.0,14.1,1.3,76.9
23.0,3734.0,8.4,0.9,27.8
51.0,14060.0,3.3,4.1,53.5
44.0,,7.4,0.8,51.6
26.0,10936.0,14.2,15.0,51.6
46.0,8713.0,1.0,3.7,33.1
64.0,9021.0,0.4,4.2,42.0
64.0,13031.0,10.0,1.0,56.2
56.0,12842.0,12.5,3.1,70.9
19.0,18466.0,10.1,1.4,69.0
55.0,10783.0,10.9,2.5,53.3
26.0,15557.0,6.0,1.2,59.5
39.0,7572.0,0.5,2.1,33.1
27.0,9916.0,6.1,2.3,56.5
30.0,13913.0,13.8,3.5,67.2
64.0,14311.0,11.1,1.5,72.3
31.0,5130.0,8.2,1.4,31.1
47.0,4366.0,14.8,2.4,39.5
35.0,12952.0,9.2,2.5,53.7
36.0,4548.0,4.0,4.9,41.5
30.0,1796.0,1.3,2.7,9.0
48.0,17710.0,3.4,4.0,70.9
25.0,5356.0,14.9,3.8,60.6
26.0,3739.0,8.0,1.8,31.4
24.0,,3.9,4.6,36.9
39.0,14957.0,1.1,3.1,61.3
60.0,5271.0,14.0,4.5,56.1
63.0,8782.0,12.5,3.1,52.7
51.0,18613.0,9.0,1.9,73.7
42.0,14810.0,1.0,1.0,48.9
47.0,6882.0,4.4,3.2,40.1
33.0,8473.0,3.2,0.9,38.0
36.0,4823.0,11.4,0.6,36.7
46.0,16570.0,1.6,1.7,44.9
34.0,16389.0,5.0,1.6,45.7
63.0,13099.0,8.2,1.5,51.8
56.0,10337.0,,1.1,37.6
60.0,16556.0,0.6,3.4,55.1
24.0,3007.0,3.3,2.0,26.7
61.0,4039.0,3.6,4.7,36.0
35.0,11653.0,2.5,2.0,44.3
,18294.0,7.3,2.8,75.5
51.0,10641.0,0.4,2.8,28.8
44.0,10576.0,9.6,2.9,57.4
43.0,17031.0,6.6,2.0,62.9
35.0,8355.0,12.5,1.0,56.8
49.0,7179.0,6.2,1.4,31.9
23.0,9752.0,2.1,1.9,36.4
32.0,4866.0,5.8,1.7,27.6
39.0,5473.0,10.7,1.7,42.9
45.0,19600.0,5.9,0.7,56.5
21.0,13371.0,7.5,2.5,57.8
19.0,7385.0,6.3,5.0,48.6
28.0,18934.0,5.2,3.4,67.5
60.0,12631.0,12.9,0.7,55.6
39.0,5401.0,0.9,1.9,19.3
23.0,7869.0,5.2,4.7,41.4
30.0,8599.0,13.1,4.2,61.0
23.0,6533.0,11.8,1.5,47.9
33.0,5327.0,4.1,2.1,21.3
22.0,17592.0,6.6,4.0,74.9
23.0,5111.0,2.7,3.7,32.2
63.0,18663.0,13.0,1.8,77.7
46.0,13040.0,0.1,3.8,41.1
52.0,4588.0,3.0,0.8,17.4
30.0,1476.0,4.9,0.6,15.8
18.0,2646.0,4.0,4.8,27.0
38.0,14289.0,4.6,3.6,44.6
25.0,9773.0,5.7,1.3,40.4
30.0,18762.0,0.8,3.6,63.7
24.0,9806.0,0.8,2.5,23.0
39.0,9841.0,8.4,0.5,43.2
62.0,2291.0,12.1,4.1,29.3
41.0,16979.0,12.9,2.6,79.0
45.0,19582.0,12.8,2.8,77.8
33.0,17199.0,8.2,1.2,63.0
55.0,9482.0,11.8,1.7,51.3
64.0,8720.0,3.8,1.9,38.0
47.0,16947.0,5.7,4.8,62.5
62.0,3818.0,14.9,2.5,45.4
23.0,15156.0,7.0,4.0,63.6
,1920.0,14.2,2.5,35.4
21.0,10663.0,12.7,4.1,65.9
30.0,15612.0,4.6,3.7,55.4
64.0,12638.0,9.5,1.0,54.4
48.0,2910.0,0.4,0.9,5.2
50.0,2603.0,9.0,0.8,32.5
64.0,11636.0,11.1,4.5,57.4
50.0,6355.0,10.7,1.4,36.1
18.0,19162.0,10.3,4.6,76.8
52.0,19911.0,13.9,4.4,87.4
45.0,7537.0,13.4,0.7,52.0
60.0,17134.0,11.5,1.2,70.0
59.0,14077.0,6.4,1.1,56.1
29.0,11288.0,0.6,4.4,41.3
53.0,3693.0,6.7,4.8,33.5
49.0,6559.0,11.6,1.4,32.0
32.0,4192.0,1.6,4.6,26.1
32.0,14017.0,12.7,2.3,70.3
50.0,8974.0,0.3,1.4,27.8
46.0,19788.0,9.6,4.5,76.2
39.0,12052.0,6.5,1.8,47.3
24.0,7958.0,9.3,2.6,42.6
36.0,1400.0,5.2,2.2,12.3
60.0,6644.0,9.9,0.6,33.5
18.0,13320.0,7.4,1.4,47.2
61.0,10672.0,1.6,1.3,46.9
22.0,14670.0,6.7,3.1,73.6
33.0,12051.0,7.5,0.6,42.5
23.0,2501.0,14.8,0.8,40.2
43.0,17684.0,11.0,3.0,79.0
25.0,6872.0,6.8,3.9,46.6
50.0,3831.0,10.6,2.0,33.0
63.0,7114.0,3.6,4.5,44.1
35.0,8361.0,10.1,1.1,49.2
52.0,3238.0,5.3,1.5,24.7
50.0,19651.0,7.3,2.7,74.5
50.0,9306.0,14.8,2.2,59.5
49.0,7580.0,6.2,2.9,42.3
32.0,19078.0,4.2,5.0,70.3
44.0,2801.0,2.9,4.4,26.7
20.0,5218.0,1.9,1.8,19.3
53.0,5433.0,11.1,0.8,33.9
27.0,12357.0,9.6,1.9,51.8
41.0,6065.0,2.6,1.9,35.8
44.0,4854.0,3.1,2.7,27.6
46.0,3507.0,9.4,1.0,27.6
63.0,4745.0,11.0,1.0,40.2
27.0,10273.0,5.2,4.3,49.0
49.0,3082.0,14.0,1.0,37.4
45.0,5800.0,13.7,4.3,64.9
34.0,1521.0,13.8,2.6,39.3
26.0,1775.0,9.2,3.9,40.2
41.0,-100.0,14.3,3.5,55.0
43.0,4930.0,8.0,1.4,32.4
58.0,6245.0,4.2,3.1,36.6
32.0,14885.0,11.6,2.2,72.8
48.0,7075.0,7.9,1.2,40.9
34.0,2936.0,11.2,3.1,39.0
30.0,12718.0,14.4,2.6,61.8
55.0,16526.0,6.2,2.9,63.8
39.0,13695.0,7.6,0.9,51.0
33.0,4603.0,7.3,1.9,29.0
42.0,14989.0,13.2,1.2,58.0
58.0,6796.0,7.4,2.2,35.8
50.0,6710.0,9.2,0.7,42.0
43.0,6444.0,9.0,2.7,36.8
21.0,18334.0,1.8,1.3,61.3
24.0,10908.0,4.2,4.9,53.0
32.0,15217.0,10.4,2.4,58.0
44.0,2698.0,8.2,,29.9
61.0,1221.0,9.3,4.7,33.6
29.0,11707.0,0.4,2.0,37.0
54.0,9544.0,3.2,1.0,26.7
37.0,7454.0,9.7,0.7,43.8
37.0,18092.0,13.2,2.4,77.2
57.0,5601.0,14.3,4.5,58.7
57.0,8186.0,3.0,3.2,43.7
41.0,3254.0,14.0,1.1,40.0
47.0,18136.0,11.8,2.0,75.7
24.0,1423.0,6.0,2.9,35.1
23.0,10693.0,11.6,1.1,56.0
50.0,8901.0,9.1,4.6,61.4
64.0,16026.0,12.3,1.6,68.9
64.0,19307.0,6.9,3.3,71.4
52.0,2540.0,10.0,3.8,47.5
39.0,7534.0,12.9,2.2,45.8
59.0,1278.0,12.6,1.4,41.9
43.0,12981.0,3.0,2.4,49.5
33.0,16267.0,0.4,1.1,38.0
51.0,19379.0,4.5,3.1,67.4
39.0,15196.0,2.5,2.5,58.4
56.0,17033.0,10.4,3.6,76.3
21.0,4267.0,0.4,0.6,5.5
44.0,14789.0,2.7,2.4,49.1
18.0,9634.0,7.3,4.6,52.4
34.0,4235.0,11.9,1.0,36.1
21.0,12097.0,13.2,3.4,62.2
39.0,10448.0,1.6,1.5,33.2
55.0,9482.0,11.8,1.7,51.3
58.0,10449.0,11.5,2.4,53.8
34.0,11809.0,2.9,1.6,44.5
38.0,6607.0,3.4,2.4,26.1
50.0,3427.0,0.1,4.3,27.8
32.0,15697.0,9.7,4.3,73.6
57.0,5255.0,4.4,5.0,28.1
26.0,11198.0,14.3,4.2,67.9
61.0,12101.0,3.5,1.1,37.8
50.0,2692.0,14.9,1.7,30.6
38.0,4211.0,13.8,1.1,37.7
26.0,8784.0,1.3,1.8,37.6
51.0,13703.0,10.1,1.7,55.0
28.0,11588.0,12.0,0.5,56.3
52.0,15125.0,13.0,2.2,66.4
21.0,18827.0,6.3,2.6,66.5
32.0,2008.0,10.0,4.1,28.5
28.0,15124.0,1.6,3.4,55.1
39.0,10732.0,9.0,3.3,56.9
21.0,18334.0,1.8,1.3,61.3
,6043.0,4.1,1.4,19.2
20.0,8748.0,15.0,4.3,60.1
64.0,11863.0,3.2,4.9,51.6
61.0,13739.0,12.3,1.2,61.3
54.0,14300.0,9.6,2.7,72.4
33.0,10186.0,10.8,2.9,63.7
51.0,12973.0,13.0,1.7,69.9
19.0,13938.0,9.1,4.3,60.1
48.0,17077.0,4.8,4.1,62.2
29.0,18607.0,11.9,3.8,83.3
49.0,8221.0,9.4,4.8,50.9
57.0,14993.0,1.1,3.3,43.7
63.0,5770.0,14.8,4.5,58.9
19.0,4718.0,11.2,2.0,45.3
51.0,9896.0,5.1,4.3,52.2
62.0,3702.0,5.1,4.8,38.9
29.0,4492.0,8.8,0.6,28.5
42.0,2190.0,7.0,2.2,20.0
33.0,10349.0,6.9,4.9,58.3
23.0,14810.0,14.3,4.8,69.9
48.0,18465.0,11.9,2.6,76.2
20.0,10246.0,-2.0,2.4,46.4
27.0,8318.0,12.6,1.8,60.4
44.0,3721.0,9.4,4.2,38.3
30.0,2400.0,11.0,3.2,31.5
53.0,14983.0,6.3,4.5,64.8
31.0,2279.0,8.0,1.7,29.2
58.0,9966.0,8.5,3.8,53.8
45.0,1911.0,5.2,1.6,22.4
18.0,1335.0,7.3,3.1,33.4
33.0,15554.0,5.5,0.6,57.3
39.0,2120.0,12.1,3.7,46.0
33.0,1658.0,13.2,1.6,38.4
21.0,2287.0,5.9,3.1,18.2
61.0,2150.0,13.8,3.6,49.8
52.0,15681.0,4.6,2.3,54.8
58.0,15144.0,3.2,3.5,51.3
22.0,1176.0,3.4,4.5,29.0
23.0,14517.0,10.2,0.8,53.4
48.0,6614.0,3.4,0.6,27.0
33.0,15740.0,11.2,3.2,73.3
60.0,16751.0,10.5,2.9,72.1
27.0,13649.0,4.5,1.1,47.8
36.0,16471.0,9.9,4.0,69.6
41.0,15311.0,6.0,3.0,60.4
33.0,19374.0,3.3,3.1,73.3
51.0,1655.0,7.1,1.5,20.9
39.0,19364.0,13.6,2.4,83.9
45.0,6598.0,5.9,0.7,25.2
50.0,16634.0,12.9,1.6,71.4
26.0,8226.0,4.3,3.7,40.2
36.0,15862.0,6.0,1.2,58.1
58.0,8567.0,1.8,1.4,19.2
53.0,18066.0,4.0,1.9,57.7
58.0,9572.0,4.1,0.9,35.4
20.0,7433.0,2.4,1.9,31.0
52.0,1269.0,6.4,4.8,24.4
59.0,7634.0,1.4,2.3,29.5
39.0,15904.0,12.1,2.8,66.7
58.0,6608.0,8.3,1.9,46.3
55.0,6139.0,11.8,2.8,45.5
32.0,1120.0,11.6,,34.8
52.0,17716.0,10.0,0.9,60.8
35.0,15627.0,12.5,2.1,67.7
33.0,8697.0,7.4,3.1,49.4
31.0,,10.4,1.2,51.6
51.0,5794.0,4.5,0.8,28.0
60.0,,6.7,3.0,20.1
62.0,1360.0,12.0,2.3,31.1
55.0,13666.0,3.3,4.9,53.4
55.0,10168.0,1.6,3.6,33.8
35.0,16335.0,1.1,4.5,51.8
53.0,7937.0,14.3,4.4,66.5
25.0,2593.0,13.3,2.3,38.0
29.0,5242.0,4.9,2.3,33.6
61.0,19557.0,5.7,0.5,67.4
29.0,17098.0,7.9,2.7,67.6
27.0,18842.0,8.5,3.8,71.2
50.0,17091.0,10.7,1.3,70.7
58.0,4116.0,12.8,1.3,44.1
56.0,3430.0,1.5,3.6,24.3
22.0,14193.0,3.9,3.7,57.1
58.0,4916.0,14.3,2.2,48.2
60.0,8187.0,4.7,3.4,42.9
43.0,11913.0,7.5,3.0,49.5
53.0,7937.0,14.3,4.4,66.5
18.0,5868.0,14.2,3.9,47.2
49.0,19770.0,12.4,4.8,85.9
28.0,14035.0,10.8,1.1,57.8
54.0,6016.0,8.6,2.9,46.9
54.0,10806.0,13.5,2.8,63.0
42.0,10811.0,14.5,1.2,59.1
63.0,17270.0,12.3,4.9,86.3
30.0,14723.0,12.6,3.1,73.8
25.0,3411.0,3.9,1.0,22.4
19.0,1427.0,13.7,3.9,46.9
62.0,5454.0,5.0,4.6,40.3
43.0,8595.0,10.4,4.4,64.3
62.0,14961.0,2.0,4.1,52.9
44.0,17086.0,-2.0,1.5,50.3
26.0,6335.0,7.1,2.9,40.1
34.0,1080.0,1.8,3.9,21.5
31.0,11791.0,8.3,1.4,57.2
50.0,13190.0,11.1,1.2,65.5
47.0,12896.0,4.3,1.5,42.4
53.0,14830.0,13.5,3.9,79.1
52.0,5940.0,14.7,4.0,46.7
,18294.0,7.3,2.8,75.5
59.0,11046.0,2.6,0.9,36.8
40.0,19634.0,6.9,3.2,76.5
35.0,3318.0,7.7,4.8,32.7
64.0,14624.0,6.7,4.5,59.8
59.0,6000.0,11.4,1.7,37.9
57.0,11777.0,3.1,1.7,41.7
45.0,17977.0,9.4,4.0,76.3
20.0,3962.0,14.2,4.9,42.2
29.0,3810.0,11.5,2.2,39.1
44.0,16127.0,7.9,4.1,70.1
32.0,15168.0,0.5,1.2,39.6
45.0,16147.0,9.3,2.6,59.1
39.0,18534.0,1.7,1.9,59.5
20.0,19234.0,1.5,1.7,55.2
31.0,11545.0,4.3,4.9,57.7
60.0,12631.0,12.9,0.7,55.6
55.0,4592.0,7.4,0.8,30.8
45.0,7470.0,10.3,4.9,57.6
56.0,13607.0,2.1,2.7,46.9
43.0,10836.0,12.4,4.6,68.6
29.0,19411.0,0.3,0.8,48.5
55.0,3596.0,7.0,4.1,42.6
33.0,18464.0,1.7,2.6,54.5
22.0,15238.0,7.9,3.0,69.7
63.0,5567.0,10.2,2.3,40.2
57.0,,9.9,1.6,25.2
32.0,6952.0,10.4,0.8,45.7
32.0,6959.0,14.5,4.7,57.5
48.0,2636.0,12.1,2.7,40.6
40.0,10471.0,8.8,4.0,56.7
53.0,12461.0,4.8,3.9,61.9
47.0,16411.0,0.4,3.6,45.1
62.0,17461.0,14.8,4.1,85.4
49.0,1800.0,10.1,2.4,24.5
27.0,18523.0,5.0,1.8,57.7
50.0,16549.0,9.0,4.8,74.0
45.0,8866.0,11.7,4.4,54.4
60.0,9904.0,4.1,2.7,43.7
41.0,5497.0,14.9,4.4,51.3
53.0,1643.0,3.6,4.0,21.6
56.0,19054.0,1.9,1.1,60.7
35.0,6854.0,12.6,1.7,47.1
60.0,7377.0,6.8,1.4,48.3
49.0,4988.0,14.7,1.1,40.7
43.0,17348.0,10.0,1.1,64.0
38.0,5643.0,1.7,2.9,24.2
57.0,3936.0,7.0,0.8,20.8
64.0,12024.0,6.7,1.7,53.4
23.0,13969.0,12.3,3.4,66.4
23.0,2649.0,9.9,1.2,41.3
62.0,16531.0,0.7,3.3,58.8
25.0,13692.0,4.7,2.8,51.5
62.0,5307.0,7.9,2.9,44.7
56.0,6584.0,0.5,1.7,28.2
44.0,8304.0,0.6,0.6,19.8
56.0,8964.0,7.6,0.7,42.9
32.0,15374.0,7.8,1.5,60.8
59.0,4767.0,2.2,1.5,18.7
60.0,1678.0,11.2,3.9,36.4
23.0,5255.0,0.9,2.1,17.5
60.0,7778.0,4.7,4.1,39.0
61.0,1807.0,,4.7,35.8
25.0,8418.0,7.0,2.1,39.2
43.0,,2.0,3.5,46.0
43.0,16722.0,2.8,3.4,54.1
46.0,15029.0,1.9,2.1,46.2
35.0,18417.0,14.8,15.0,78.1
43.0,7975.0,8.5,2.9,44.3
45.0,3178.0,12.0,3.2,41.4
18.0,16905.0,9.8,1.2,68.4
63.0,17996.0,4.5,2.0,58.5
20.0,15244.0,10.0,4.0,74.4
20.0,9273.0,4.5,3.5,40.4
58.0,4719.0,1.7,3.0,25.0
63.0,12280.0,4.7,2.9,48.3
49.0,14613.0,10.3,,65.9
35.0,8610.0,8.1,3.0,47.9
58.0,15342.0,10.0,3.2,75.3
62.0,18981.0,7.5,2.7,73.2
20.0,4748.0,13.3,1.6,41.6
27.0,19272.0,13.8,3.5,80.8
23.0,1362.0,6.8,3.8,26.0
39.0,15687.0,8.5,3.2,75.9
36.0,11712.0,3.3,3.3,58.6
31.0,15121.0,5.7,3.1,63.2
37.0,2962.0,7.6,1.5,31.1
52.0,9301.0,11.4,1.0,49.0
42.0,8287.0,8.6,2.9,50.3
27.0,13875.0,9.1,4.7,77.1
52.0,15908.0,10.5,1.0,65.0
30.0,11107.0,0.5,2.2,37.3
50.0,4512.0,7.5,3.1,34.1
48.0,4407.0,7.8,3.9,33.8
54.0,16577.0,13.7,2.4,79.2
37.0,7787.0,8.3,3.7,48.4
33.0,18009.0,14.3,1.2,82.0
33.0,3487.0,9.0,3.6,43.5
25.0,3910.0,5.7,2.7,15.6
57.0,14297.0,10.5,1.6,63.9
26.0,3304.0,10.7,1.1,34.5
45.0,5356.0,11.3,4.2,48.5
27.0,12459.0,4.0,4.3,56.7
42.0,2594.0,1.4,1.6,8.7
48.0,9309.0,10.2,4.9,63.8
32.0,-100.0,7.7,3.0,23.6
49.0,16425.0,5.4,1.0,54.7
30.0,13897.0,13.9,3.2,74.3
40.0,10516.0,6.3,3.1,47.3
32.0,19009.0,1.8,4.1,63.4
57.0,18001.0,0.7,1.6,46.1
32.0,13170.0,9.5,3.9,58.3
63.0,15558.0,13.1,3.2,67.4
57.0,13268.0,8.1,2.2,62.9
63.0,9490.0,12.4,4.0,59.3
,14291.0,6.4,4.7,57.0
19.0,18514.0,5.5,3.0,72.6
48.0,11773.0,0.1,1.1,38.2
47.0,14752.0,0.3,1.8,41.0
41.0,12425.0,4.0,5.0,49.7
36.0,6449.0,12.5,1.3,46.2
47.0,7826.0,8.1,2.6,37.5
61.0,18307.0,0.2,4.2,51.5
53.0,16057.0,0.6,3.4,40.6
,9146.0,12.1,1.1,55.3
57.0,14613.0,13.6,2.4,60.6
37.0,14589.0,1.0,3.3,46.9
39.0,9090.0,11.0,0.9,38.8
26.0,4628.0,5.8,1.9,31.1
34.0,8974.0,14.7,0.9,43.1
18.0,7179.0,7.7,4.8,50.7
40.0,5967.0,4.0,2.6,27.3
57.0,16347.0,13.4,3.0,80.2
58.0,2228.0,8.7,0.5,28.1
45.0,15782.0,12.1,1.5,69.1
37.0,1899.0,3.4,2.8,11.3
22.0,19337.0,3.9,1.7,60.5
41.0,15694.0,6.6,1.2,53.8
45.0,19789.0,8.7,2.9,76.9
22.0,6993.0,8.3,2.3,33.7
30.0,1486.0,1.1,3.6,9.9
30.0,11092.0,4.6,5.0,50.0
33.0,14744.0,7.4,2.5,54.8
25.0,6186.0,10.4,1.1,25.8
33.0,16359.0,9.1,3.1,69.0
25.0,8856.0,14.2,2.2,53.1
18.0,6623.0,0.0,1.9,20.6
64.0,18802.0,6.3,1.5,59.2
33.0,1325.0,9.7,1.4,22.8
57.0,19155.0,13.5,4.1,90.0
41.0,9221.0,10.5,2.4,53.5
41.0,4865.0,4.1,1.6,26.9
36.0,19710.0,14.3,3.1,86.4
45.0,3210.0,7.5,2.6,32.8
19.0,12837.0,0.2,0.9,30.5
28.0,18986.0,7.6,3.6,76.8
61.0,19765.0,10.4,3.4,77.6
43.0,11093.0,3.3,2.0,42.4
48.0,5298.0,0.3,2.3,18.7
28.0,3978.0,3.2,2.8,23.8
60.0,5977.0,8.2,1.7,38.2
20.0,11510.0,8.7,5.0,56.2
33.0,4249.0,3.4,0.7,16.6
50.0,3427.0,0.1,4.3,27.8
64.0,12790.0,2.6,3.0,45.2
33.0,11042.0,10.3,1.7,48.1
58.0,5666.0,3.7,4.8,32.8
49.0,11331.0,2.0,2.7,44.8
21.0,2120.0,4.0,4.1,26.4
21.0,2374.0,7.0,4.8,39.4
64.0,4359.0,7.1,4.0,29.5
46.0,7961.0,0.9,0.8,28.9
38.0,13831.0,5.5,1.0,42.0
56.0,4345.0,10.3,,30.7
37.0,1938.0,2.0,2.9,18.3
26.0,15242.0,9.1,3.9,62.2
64.0,16071.0,13.9,3.9,76.9
54.0,1567.0,4.6,4.4,30.2
46.0,10367.0,7.9,4.8,47.2
43.0,2543.0,11.7,2.3,41.6
28.0,15368.0,11.8,0.8,60.1
29.0,6592.0,3.9,1.5,37.9
33.0,18328.0,7.7,1.6,58.1
26.0,6882.0,4.8,1.6,26.6
40.0,15066.0,0.6,2.4,53.4
28.0,2575.0,11.0,0.8,34.1
49.0,10045.0,5.2,2.7,40.9
30.0,6027.0,2.9,1.2,25.7
33.0,16167.0,0.7,,60.5
55.0,19546.0,7.7,1.9,71.2
60.0,16553.0,1.6,1.7,50.7
64.0,13031.0,10.0,1.0,56.2
64.0,1220.0,3.9,2.3,29.4
34.0,4331.0,10.2,0.7,33.6
46.0,13582.0,6.2,0.6,40.0
56.0,19490.0,7.7,2.7,70.3
35.0,5491.0,14.3,2.1,49.3
59.0,8206.0,4.4,2.0,35.7
47.0,13742.0,3.2,1.0,46.9
27.0,-100.0,6.3,4.2,48.3
34.0,14200.0,10.9,2.4,60.7
47.0,6985.0,2.8,3.7,28.7
24.0,2842.0,7.7,4.8,41.3
24.0,1841.0,13.5,0.6,24.4
18.0,4734.0,10.8,2.9,42.3
,17516.0,4.7,4.9,63.5
37.0,16816.0,3.7,0.6,54.9
30.0,6296.0,12.6,3.5,50.9
63.0,16190.0,5.3,3.9,59.2
57.0,14436.0,5.7,1.1,50.9
63.0,1752.0,1.3,1.1,4.2
24.0,14973.0,14.2,2.1,70.6
26.0,11851.0,9.7,4.4,58.0
55.0,18956.0,13.1,3.0,79.5
64.0,6497.0,6.4,2.5,32.7
47.0,8579.0,14.9,4.5,60.1
61.0,17296.0,10.8,2.1,83.0
31.0,19366.0,9.0,3.7,74.3
20.0,9500.0,11.9,3.1,61.1
41.0,6229.0,0.2,2.8,30.0
38.0,2442.0,2.5,1.6,16.4
35.0,10583.0,2.9,4.8,40.6
52.0,16629.0,12.9,0.7,66.8
59.0,3244.0,0.1,1.5,8.6
27.0,8318.0,12.6,1.8,60.4
47.0,8128.0,6.2,1.2,37.8
53.0,18947.0,3.9,2.7,70.0
58.0,9011.0,1.8,3.5,34.7
27.0,9183.0,1.3,2.3,30.8
19.0,19672.0,7.0,3.3,74.5
27.0,11565.0,5.3,3.8,46.3
45.0,1840.0,4.6,4.0,22.7
,15788.0,1.1,1.6,44.9
54.0,12845.0,5.6,2.6,47.5
31.0,16676.0,0.9,4.8,57.9
26.0,9256.0,11.8,3.5,58.5
46.0,8391.0,0.2,2.0,26.3
59.0,2527.0,6.1,1.6,31.1
56.0,13554.0,9.4,1.4,56.0
23.0,15724.0,1.8,4.8,57.8
55.0,1144.0,5.0,4.9,34.4
33.0,19927.0,5.5,1.3,60.9
52.0,9327.0,3.1,2.1,38.7
41.0,7859.0,6.1,0.8,32.9
26.0,3546.0,14.6,2.7,43.9
61.0,17683.0,12.0,2.6,81.0
37.0,2751.0,4.1,1.9,10.7
23.0,11126.0,13.5,0.7,48.0
55.0,11879.0,13.5,1.6,66.1
58.0,10067.0,8.2,5.0,51.7
42.0,14805.0,0.6,3.3,48.2
41.0,2663.0,2.8,4.6,19.0
53.0,5408.0,3.8,3.5,24.9
39.0,13077.0,5.1,3.9,49.5
64.0,2786.0,5.7,3.6,31.3
44.0,3533.0,8.9,3.5,29.9
39.0,19541.0,7.6,1.1,65.6
41.0,7328.0,1.1,1.7,17.7
28.0,16954.0,13.5,3.1,79.2
31.0,13680.0,2.5,4.0,60.2
52.0,2001.0,1.5,5.0,19.7
39.0,15921.0,13.5,3.4,76.8
20.0,13454.0,,4.8,61.8
23.0,2723.0,8.6,2.6,37.7
25.0,15372.0,2.7,2.2,50.8
50.0,16773.0,5.5,4.6,67.8
37.0,16922.0,2.2,1.6,51.6
56.0,,1.8,3.6,20.8
57.0,14338.0,14.0,3.3,76.4
57.0,19248.0,2.1,3.4,71.2
39.0,8459.0,11.8,2.9,55.0
52.0,10338.0,1.2,1.4,33.5
53.0,14285.0,10.2,3.4,68.8
52.0,10940.0,5.3,2.1,42.4
54.0,3337.0,4.4,1.0,24.3
50.0,13900.0,2.8,1.8,49.1
63.0,6443.0,14.8,4.1,62.6
32.0,8800.0,0.9,1.7,34.6
61.0,11817.0,12.9,1.7,60.8
41.0,6466.0,15.0,2.5,53.6
33.0,12232.0,,4.6,65.0
30.0,10510.0,9.8,4.7,57.7
36.0,7372.0,7.7,1.9,40.2
50.0,16399.0,8.0,2.4,64.3
41.0,11145.0,7.2,4.5,68.0
53.0,5014.0,5.6,0.9,25.1
54.0,9396.0,9.0,2.8,50.1
54.0,5143.0,5.7,3.0,38.2
44.0,16970.0,11.1,4.4,81.9
25.0,9366.0,13.2,0.5,46.4
22.0,9118.0,9.8,2.9,55.0
32.0,15792.0,8.0,2.3,57.2
52.0,12094.0,10.8,2.3,59.0
58.0,9078.0,15.0,1.2,58.6
33.0,2845.0,7.9,0.8,24.7
63.0,4593.0,12.8,2.6,50.6
21.0,7393.0,0.9,4.4,26.8
28.0,7683.0,11.7,3.9,57.9
60.0,15677.0,7.7,3.1,64.9
54.0,1303.0,6.5,3.3,23.1
56.0,10099.0,14.1,4.7,70.1
26.0,3935.0,1.9,3.0,25.4
43.0,17149.0,4.7,4.5,62.5
59.0,9970.0,0.7,4.6,43.7
19.0,15932.0,13.9,2.8,78.7
54.0,10283.0,14.0,2.1,67.3
56.0,4683.0,1.7,3.0,22.5
22.0,7309.0,12.2,2.8,53.4
28.0,14930.0,3.4,1.9,50.1
18.0,4283.0,8.3,2.2,34.2
47.0,10942.0,14.8,3.0,74.1
46.0,14083.0,11.5,2.6,65.4
52.0,5233.0,14.9,1.8,53.2
29.0,7539.0,2.7,3.8,30.2
25.0,8418.0,7.0,2.1,39.2
35.0,1421.0,10.8,4.8,31.4
42.0,5649.0,5.6,3.9,36.9
26.0,18708.0,3.9,0.5,60.1
59.0,11520.0,4.6,4.2,52.5
52.0,2319.0,2.4,0.9,12.5
35.0,13290.0,6.7,4.5,61.8
36.0,9904.0,6.9,2.6,56.1
,19174.0,8.2,2.8,73.7
23.0,1113.0,8.8,3.0,19.4
38.0,11035.0,10.6,0.7,55.0
45.0,18073.0,14.6,1.2,84.9
55.0,4872.0,9.0,2.9,39.6
61.0,11406.0,3.4,4.1,46.8
64.0,3227.0,14.6,5.0,44.4
30.0,1313.0,2.3,2.8,10.3
43.0,4844.0,5.5,4.4,34.2
25.0,15824.0,3.0,4.2,58.3
42.0,12184.0,9.1,3.6,64.8
64.0,2775.0,9.3,0.7,31.7
62.0,12530.0,4.0,3.4,45.5
46.0,16896.0,11.8,2.8,67.2
40.0,15071.0,6.6,0.8,57.7
58.0,2117.0,7.1,3.5,28.5
33.0,10349.0,6.9,4.9,58.3
39.0,6094.0,0.2,2.0,24.3
52.0,18635.0,14.1,1.9,79.8
52.0,5194.0,5.4,2.2,28.0
44.0,17953.0,2.6,3.0,62.6
39.0,12750.0,5.1,3.7,53.3
23.0,5076.0,9.0,3.7,36.9
54.0,9657.0,8.9,1.7,51.3
20.0,12935.0,1.4,1.2,34.0
41.0,9225.0,8.0,1.1,41.6
54.0,17511.0,1.8,4.4,55.1
